image,bbox_x1,bbox_y1,bbox_x2,bbox_y2,plate_text,confidence,plate_text_cleaned
PXL_20240311_090539192-MP_jpg.rf.88598843023e7a3ad7e0aa7af153f0a9.jpg,97,281,335,392,SHS9084U,0.5686914406309151,SHS9084U
PXL_20240307_075339969_jpg.rf.7dfe4d280e8e7816b2c496504ace8b4a.jpg,227,124,369,155,SML7398p,0.5439362077435251,SML7398P
JDSpeedyFront_jpg.rf.57bf99090020f2ff62052f563fe7110c.jpg,225,316,391,376,SMR2529E',0.6932980820804607,SMR2529E
PXL_20240311_073029581_jpg.rf.d4a983c34aaede3bd54295ac6e3a3da2.jpg,304,257,549,368,SMP7533U,0.8265055346140284,SMP7533U
PXL_20240311_081734512_jpg.rf.b617b2641e898ca45fbddba33c301492.jpg,286,246,410,313,SMJ7384P,0.8630915861581343,SMJ7384P
